<?xml version="1.0" encoding="UTF-8"?>

<FLOW VERSION="3.0" CLEANUP="true">
  <COMMENT>--call java service to get the HCD value for the inputs passed--</COMMENT>

  <!-- nodes -->

<INVOKE TIMEOUT="" SERVICE="CodeKata.exercise1.hcf.services:highestCommonFactor" VALIDATE-IN="$none" VALIDATE-OUT="$none">
  <COMMENT>--call java service to get the HCD value for the inputs passed--</COMMENT>

  <!-- nodes -->

<MAP MODE="INPUT">
</MAP>

<MAP MODE="OUTPUT">
</MAP>
</INVOKE>

<MAP TIMEOUT="" MODE="STANDALONE">
  <COMMENT>--drop unnecessary variables --</COMMENT>

  <!-- nodes -->

<MAPDELETE FIELD="/inputs;1;1">
</MAPDELETE>
</MAP>
</FLOW>
